{
  "ann_ret": 0.2888276537482094,
  "ann_vol": 0.2879622212376305,
  "sharpe": 1.0030053682280244,
  "skew": 9.438426608733002,
  "kurt": 113.25617026045568,
  "hit_rate": 0.45625,
  "maxdd": -0.14464535480194604,
  "max_dd": -0.14464535480194604,
  "avg_dd": -0.03253482943909586,
  "dd_duration": 739.0,
  "recovery_time": 739.0,
  "turnover": 0.0,
  "turnover_monthly": 0.0,
  "avg_ic": 0.0,
  "ic_std": 0.0,
  "ir": 0.0,
  "split_sharpe_mean": -1.1118862381570227,
  "split_sharpe_std": 2.978483736700721,
  "split_ic_mean": -0.05313940092165899,
  "split_ic_std": 0.13331645653080923
}